TxnDate,AccountNumber,AccountName,Currency,Debit,Credit
2022-01-31,1010,Cash,USD,104916.23000000001,0.0
2022-01-31,1100,Accounts Receivable,USD,16685.54,0.0
2022-01-31,1200,Inventory,USD,25520.789999999997,0.0
2022-01-31,1300,Prepaid Expenses,USD,4259.37,0.0
2022-01-31,1500,"Property, Plant & Equipment",USD,60000.0,0.0
2022-01-31,1510,Accumulated Depreciation,USD,0.0,10977.87
2022-01-31,2000,Accounts Payable,USD,0.0,28329.010000000002
2022-01-31,2100,Accrued Liabilities,USD,0.0,20766.2
2022-01-31,2200,Sales Tax Payable,USD,0.0,2524.58
2022-01-31,2300,Notes Payable,USD,0.0,40000.0
2022-01-31,3000,Common Stock,USD,0.0,50000.0
2022-01-31,3100,Retained Earnings,USD,0.0,60000.0
2022-01-31,4001,Revenue,USD,0.0,30601.05
2022-01-31,4010,Service Revenue,USD,0.0,5697.07
2022-01-31,5000,Cost of Goods Sold,USD,17891.49,0.0
2022-01-31,6100,Rent Expense,USD,4981.84,0.0
2022-01-31,6200,Utilities Expense,USD,789.01,0.0
2022-01-31,6300,Payroll Expense,USD,9723.33,0.0
2022-01-31,6400,Insurance Expense,USD,624.55,0.0
2022-01-31,6500,Office Supplies Expense,USD,1428.6999999999998,0.0
2022-01-31,6600,Marketing Expense,USD,323.91,0.0
2022-01-31,6800,Software Subscriptions Expense,USD,501.13,0.0
2022-01-31,6900,Depreciation Expense,USD,977.87,0.0
2022-01-31,7000,Interest Expense,USD,272.02,0.0
2022-02-28,1010,Cash,USD,12034.080000000002,0.0
2022-02-28,1100,Accounts Receivable,USD,1865.130000000001,0.0
2022-02-28,1200,Inventory,USD,0.0,13265.119999999999
2022-02-28,1300,Prepaid Expenses,USD,0.0,626.6
2022-02-28,1510,Accumulated Depreciation,USD,0.0,967.7
2022-02-28,2000,Accounts Payable,USD,0.0,873.1799999999998
2022-02-28,2100,Accrued Liabilities,USD,1639.2399999999998,0.0
2022-02-28,2200,Sales Tax Payable,USD,1650.77,0.0
2022-02-28,4001,Revenue,USD,0.0,30023.989999999998
2022-02-28,4010,Service Revenue,USD,0.0,5558.0599999999995
2022-02-28,5000,Cost of Goods Sold,USD,17398.82,0.0
2022-02-28,6100,Rent Expense,USD,5286.57,0.0
2022-02-28,6200,Utilities Expense,USD,771.14,0.0
2022-02-28,6300,Payroll Expense,USD,7524.29,0.0
2022-02-28,6400,Insurance Expense,USD,626.6,0.0
2022-02-28,6500,Office Supplies Expense,USD,325.13,0.0
2022-02-28,6600,Marketing Expense,USD,345.42,0.0
2022-02-28,6800,Software Subscriptions Expense,USD,606.8199999999999,0.0
2022-02-28,6900,Depreciation Expense,USD,967.7,0.0
2022-02-28,7000,Interest Expense,USD,272.94,0.0
2022-03-31,1010,Cash,USD,6647.009999999995,0.0
2022-03-31,1100,Accounts Receivable,USD,5854.539999999997,0.0
2022-03-31,1200,Inventory,USD,0.0,8236.909999999998
2022-03-31,1300,Prepaid Expenses,USD,0.0,628.79
2022-03-31,1500,"Property, Plant & Equipment",USD,14731.92,0.0
2022-03-31,1510,Accumulated Depreciation,USD,0.0,918.61
2022-03-31,2000,Accounts Payable,USD,0.0,8786.88
2022-03-31,2100,Accrued Liabilities,USD,0.0,4126.59
2022-03-31,2200,Sales Tax Payable,USD,0.0,489.21000000000004
2022-03-31,2400,Income Tax Payable,USD,0.0,1054.86
2022-03-31,4001,Revenue,USD,0.0,40960.03
2022-03-31,4010,Service Revenue,USD,0.0,7710.76
2022-03-31,5000,Cost of Goods Sold,USD,23817.44,0.0
2022-03-31,6100,Rent Expense,USD,5332.64,0.0
2022-03-31,6200,Utilities Expense,USD,706.28,0.0
2022-03-31,6300,Payroll Expense,USD,11403.46,0.0
2022-03-31,6400,Insurance Expense,USD,628.79,0.0
2022-03-31,6500,Office Supplies Expense,USD,337.89,0.0
2022-03-31,6600,Marketing Expense,USD,584.11,0.0
2022-03-31,6800,Software Subscriptions Expense,USD,628.88,0.0
2022-03-31,6900,Depreciation Expense,USD,918.61,0.0
2022-03-31,7000,Interest Expense,USD,266.21,0.0
2022-03-31,7100,Income Tax Expense,USD,1054.86,0.0
2022-04-30,1010,Cash,USD,0.0,4087.8899999999994
2022-04-30,1100,Accounts Receivable,USD,12648.719999999998,0.0
2022-04-30,1200,Inventory,USD,0.0,15048.150000000001
2022-04-30,1300,Prepaid Expenses,USD,1235.9500000000003,0.0
2022-04-30,1510,Accumulated Depreciation,USD,0.0,859.07
2022-04-30,2000,Accounts Payable,USD,2560.539999999999,0.0
2022-04-30,2100,Accrued Liabilities,USD,4861.43,0.0
2022-04-30,2200,Sales Tax Payable,USD,0.0,344.4000000000001
2022-04-30,2400,Income Tax Payable,USD,1017.55,0.0
2022-04-30,3200,Dividends,USD,2134.45,0.0
2022-04-30,4001,Revenue,USD,0.0,38668.13
2022-04-30,4010,Service Revenue,USD,0.0,4513.09
2022-04-30,5000,Cost of Goods Sold,USD,22877.27,0.0
2022-04-30,6100,Rent Expense,USD,5197.0,0.0
2022-04-30,6200,Utilities Expense,USD,480.92,0.0
2022-04-30,6300,Payroll Expense,USD,7446.36,0.0
2022-04-30,6400,Insurance Expense,USD,574.18,0.0
2022-04-30,6500,Office Supplies Expense,USD,366.79,0.0
2022-04-30,6800,Software Subscriptions Expense,USD,995.0,0.0
2022-04-30,6900,Depreciation Expense,USD,859.07,0.0
2022-04-30,7000,Interest Expense,USD,265.5,0.0
2022-05-31,1010,Cash,USD,22252.389999999996,0.0
2022-05-31,1100,Accounts Receivable,USD,0.0,4669.469999999999
2022-05-31,1200,Inventory,USD,0.0,16461.510000000002
2022-05-31,1300,Prepaid Expenses,USD,0.0,623.06
2022-05-31,1510,Accumulated Depreciation,USD,0.0,944.37
2022-05-31,2000,Accounts Payable,USD,5148.0,0.0
2022-05-31,2100,Accrued Liabilities,USD,0.0,4483.639999999999
2022-05-31,2200,Sales Tax Payable,USD,577.3000000000002,0.0
2022-05-31,4001,Revenue,USD,0.0,34988.8
2022-05-31,4010,Service Revenue,USD,0.0,8077.49
2022-05-31,5000,Cost of Goods Sold,USD,19765.93,0.0
2022-05-31,6100,Rent Expense,USD,5226.2,0.0
2022-05-31,6200,Utilities Expense,USD,855.49,0.0
2022-05-31,6300,Payroll Expense,USD,11259.16,0.0
2022-05-31,6400,Insurance Expense,USD,623.06,0.0
2022-05-31,6500,Office Supplies Expense,USD,1224.22,0.0
2022-05-31,6600,Marketing Expense,USD,1104.6100000000001,0.0
2022-05-31,6800,Software Subscriptions Expense,USD,1000.5400000000001,0.0
2022-05-31,6900,Depreciation Expense,USD,944.37,0.0
2022-05-31,7000,Interest Expense,USD,267.07,0.0
2022-06-30,1010,Cash,USD,5412.699999999997,0.0
2022-06-30,1100,Accounts Receivable,USD,8240.050000000001,0.0
2022-06-30,1200,Inventory,USD,0.0,16536.03
2022-06-30,1300,Prepaid Expenses,USD,0.0,579.12
2022-06-30,1510,Accumulated Depreciation,USD,0.0,861.47
2022-06-30,2000,Accounts Payable,USD,2644.0699999999997,0.0
2022-06-30,2100,Accrued Liabilities,USD,259.119999999999,0.0
2022-06-30,2200,Sales Tax Payable,USD,0.0,75.05999999999995
2022-06-30,2400,Income Tax Payable,USD,0.0,756.93
2022-06-30,4001,Revenue,USD,0.0,36652.01
2022-06-30,4010,Service Revenue,USD,0.0,2665.8199999999997
2022-06-30,5000,Cost of Goods Sold,USD,21080.87,0.0
2022-06-30,6100,Rent Expense,USD,4987.27,0.0
2022-06-30,6200,Utilities Expense,USD,776.39,0.0
2022-06-30,6300,Payroll Expense,USD,11051.66,0.0
2022-06-30,6400,Insurance Expense,USD,579.12,0.0
2022-06-30,6500,Office Supplies Expense,USD,956.36,0.0
2022-06-30,6800,Software Subscriptions Expense,USD,254.02,0.0
2022-06-30,6900,Depreciation Expense,USD,861.47,0.0
2022-06-30,7000,Interest Expense,USD,266.41,0.0
2022-06-30,7100,Income Tax Expense,USD,756.93,0.0
2022-07-31,1010,Cash,USD,2138.100000000006,0.0
2022-07-31,1100,Accounts Receivable,USD,0.0,4634.110000000001
2022-07-31,1200,Inventory,USD,0.0,9902.4
2022-07-31,1300,Prepaid Expenses,USD,1291.42,0.0
2022-07-31,1510,Accumulated Depreciation,USD,0.0,897.73
2022-07-31,2000,Accounts Payable,USD,3193.239999999999,0.0
2022-07-31,2100,Accrued Liabilities,USD,2815.5199999999986,0.0
2022-07-31,2200,Sales Tax Payable,USD,560.0799999999999,0.0
2022-07-31,2400,Income Tax Payable,USD,720.98,0.0
2022-07-31,3200,Dividends,USD,2670.71,0.0
2022-07-31,4001,Revenue,USD,0.0,31629.170000000002
2022-07-31,4010,Service Revenue,USD,0.0,4475.11
2022-07-31,5000,Cost of Goods Sold,USD,18320.61,0.0
2022-07-31,6100,Rent Expense,USD,4943.24,0.0
2022-07-31,6200,Utilities Expense,USD,583.46,0.0
2022-07-31,6300,Payroll Expense,USD,9025.68,0.0
2022-07-31,6400,Insurance Expense,USD,578.66,0.0
2022-07-31,6500,Office Supplies Expense,USD,970.14,0.0
2022-07-31,6600,Marketing Expense,USD,1994.0,0.0
2022-07-31,6800,Software Subscriptions Expense,USD,572.39,0.0
2022-07-31,6900,Depreciation Expense,USD,897.73,0.0
2022-07-31,7000,Interest Expense,USD,262.56,0.0
2022-08-31,1010,Cash,USD,12144.34,0.0
2022-08-31,1100,Accounts Receivable,USD,7140.51,0.0
2022-08-31,1200,Inventory,USD,0.0,5290.769999999999
2022-08-31,1300,Prepaid Expenses,USD,0.0,575.8
2022-08-31,1510,Accumulated Depreciation,USD,0.0,988.39
2022-08-31,2000,Accounts Payable,USD,0.0,7489.379999999999
2022-08-31,2100,Accrued Liabilities,USD,0.0,153.36999999999898
2022-08-31,2200,Sales Tax Payable,USD,0.0,844.4999999999998
2022-08-31,4001,Revenue,USD,0.0,33825.479999999996
2022-08-31,4010,Service Revenue,USD,0.0,7609.86
2022-08-31,5000,Cost of Goods Sold,USD,19740.44,0.0
2022-08-31,6100,Rent Expense,USD,5368.44,0.0
2022-08-31,6200,Utilities Expense,USD,674.56,0.0
2022-08-31,6300,Payroll Expense,USD,8394.67,0.0
2022-08-31,6400,Insurance Expense,USD,575.8,0.0
2022-08-31,6500,Office Supplies Expense,USD,830.05,0.0
2022-08-31,6800,Software Subscriptions Expense,USD,652.27,0.0
2022-08-31,6900,Depreciation Expense,USD,988.39,0.0
2022-08-31,7000,Interest Expense,USD,268.08,0.0
2022-09-30,1010,Cash,USD,0.0,11418.599999999995
2022-09-30,1100,Accounts Receivable,USD,3610.6399999999994,0.0
2022-09-30,1200,Inventory,USD,0.0,10941.53
2022-09-30,1300,Prepaid Expenses,USD,0.0,612.99
2022-09-30,1500,"Property, Plant & Equipment",USD,15561.98,0.0
2022-09-30,1510,Accumulated Depreciation,USD,0.0,938.12
2022-09-30,2000,Accounts Payable,USD,4968.299999999999,0.0
2022-09-30,2100,Accrued Liabilities,USD,0.0,2068.5199999999986
2022-09-30,2200,Sales Tax Payable,USD,558.6800000000003,0.0
2022-09-30,2400,Income Tax Payable,USD,0.0,145.73
2022-09-30,4001,Revenue,USD,0.0,26965.49
2022-09-30,4010,Service Revenue,USD,0.0,6318.51
2022-09-30,5000,Cost of Goods Sold,USD,15752.28,0.0
2022-09-30,6100,Rent Expense,USD,5390.65,0.0
2022-09-30,6200,Utilities Expense,USD,555.81,0.0
2022-09-30,6300,Payroll Expense,USD,10286.56,0.0
2022-09-30,6400,Insurance Expense,USD,612.99,0.0
2022-09-30,6500,Office Supplies Expense,USD,186.83,0.0
2022-09-30,6600,Marketing Expense,USD,567.75,0.0
2022-09-30,6900,Depreciation Expense,USD,938.12,0.0
2022-09-30,7000,Interest Expense,USD,273.17,0.0
2022-09-30,7100,Income Tax Expense,USD,145.73,0.0
2022-10-31,1010,Cash,USD,2417.8600000000006,0.0
2022-10-31,1100,Accounts Receivable,USD,11524.83,0.0
2022-10-31,1200,Inventory,USD,0.0,17445.379999999997
2022-10-31,1300,Prepaid Expenses,USD,1137.98,0.0
2022-10-31,1510,Accumulated Depreciation,USD,0.0,907.06
2022-10-31,2000,Accounts Payable,USD,1183.6,0.0
2022-10-31,2100,Accrued Liabilities,USD,2432.6000000000004,0.0
2022-10-31,2200,Sales Tax Payable,USD,0.0,21.26000000000022
2022-10-31,2400,Income Tax Payable,USD,151.84,0.0
2022-10-31,3200,Dividends,USD,2601.0,0.0
2022-10-31,4001,Revenue,USD,0.0,34058.27
2022-10-31,4010,Service Revenue,USD,0.0,6659.55
2022-10-31,5000,Cost of Goods Sold,USD,19676.35,0.0
2022-10-31,6100,Rent Expense,USD,5372.42,0.0
2022-10-31,6200,Utilities Expense,USD,773.36,0.0
2022-10-31,6300,Payroll Expense,USD,8218.87,0.0
2022-10-31,6400,Insurance Expense,USD,596.0,0.0
2022-10-31,6500,Office Supplies Expense,USD,159.35,0.0
2022-10-31,6600,Marketing Expense,USD,1120.66,0.0
2022-10-31,6800,Software Subscriptions Expense,USD,551.24,0.0
2022-10-31,6900,Depreciation Expense,USD,907.06,0.0
2022-10-31,7000,Interest Expense,USD,266.5,0.0
2022-11-30,1010,Cash,USD,3873.689999999995,0.0
2022-11-30,1100,Accounts Receivable,USD,13993.36,0.0
2022-11-30,1200,Inventory,USD,0.0,1518.25
2022-11-30,1300,Prepaid Expenses,USD,0.0,615.89
2022-11-30,1510,Accumulated Depreciation,USD,0.0,886.46
2022-11-30,2000,Accounts Payable,USD,0.0,8799.21
2022-11-30,2100,Accrued Liabilities,USD,0.0,1196.0199999999986
2022-11-30,2200,Sales Tax Payable,USD,0.0,84.30000000000018
2022-11-30,4001,Revenue,USD,0.0,35790.57
2022-11-30,4010,Service Revenue,USD,0.0,10142.4
2022-11-30,5000,Cost of Goods Sold,USD,20912.12,0.0
2022-11-30,6100,Rent Expense,USD,5343.88,0.0
2022-11-30,6200,Utilities Expense,USD,630.98,0.0
2022-11-30,6300,Payroll Expense,USD,9317.41,0.0
2022-11-30,6400,Insurance Expense,USD,615.89,0.0
2022-11-30,6500,Office Supplies Expense,USD,686.24,0.0
2022-11-30,6600,Marketing Expense,USD,2275.98,0.0
2022-11-30,6800,Software Subscriptions Expense,USD,228.69,0.0
2022-11-30,6900,Depreciation Expense,USD,886.46,0.0
2022-11-30,7000,Interest Expense,USD,268.4,0.0
2022-12-31,1010,Cash,USD,0.0,3685.4000000000015
2022-12-31,1100,Accounts Receivable,USD,5338.539999999999,0.0
2022-12-31,1200,Inventory,USD,114125.26,0.0
2022-12-31,1300,Prepaid Expenses,USD,0.0,624.03
2022-12-31,1510,Accumulated Depreciation,USD,0.0,845.58
2022-12-31,2000,Accounts Payable,USD,0.0,120416.23999999999
2022-12-31,2100,Accrued Liabilities,USD,445.35000000000036,0.0
2022-12-31,2200,Sales Tax Payable,USD,162.0,0.0
2022-12-31,2400,Income Tax Payable,USD,0.0,1133.32
2022-12-31,3200,Dividends,USD,3126.37,0.0
2022-12-31,4001,Revenue,USD,0.0,23539.87
2022-12-31,4010,Service Revenue,USD,0.0,6782.15
2022-12-31,5000,Cost of Goods Sold,USD,13546.33,0.0
2022-12-31,6100,Rent Expense,USD,5383.7,0.0
2022-12-31,6200,Utilities Expense,USD,563.05,0.0
2022-12-31,6300,Payroll Expense,USD,8623.77,0.0
2022-12-31,6400,Insurance Expense,USD,624.03,0.0
2022-12-31,6500,Office Supplies Expense,USD,673.49,0.0
2022-12-31,6600,Marketing Expense,USD,1962.12,0.0
2022-12-31,6800,Software Subscriptions Expense,USD,197.28,0.0
2022-12-31,6900,Depreciation Expense,USD,845.58,0.0
2022-12-31,7000,Interest Expense,USD,276.4,0.0
2022-12-31,7100,Income Tax Expense,USD,1133.32,0.0
2023-01-31,1010,Cash,USD,14929.339999999997,0.0
2023-01-31,1100,Accounts Receivable,USD,1789.329999999998,0.0
2023-01-31,1200,Inventory,USD,0.0,13647.180000000002
2023-01-31,1300,Prepaid Expenses,USD,1269.48,0.0
2023-01-31,1510,Accumulated Depreciation,USD,0.0,1009.27
2023-01-31,2000,Accounts Payable,USD,1078.2000000000007,0.0
2023-01-31,2100,Accrued Liabilities,USD,0.0,940.2700000000004
2023-01-31,2200,Sales Tax Payable,USD,0.0,411.7800000000002
2023-01-31,2400,Income Tax Payable,USD,1090.96,0.0
2023-01-31,4001,Revenue,USD,0.0,34213.88
2023-01-31,4010,Service Revenue,USD,0.0,10663.38
2023-01-31,5000,Cost of Goods Sold,USD,19901.08,0.0
2023-01-31,6100,Rent Expense,USD,5117.75,0.0
2023-01-31,6200,Utilities Expense,USD,800.85,0.0
2023-01-31,6300,Payroll Expense,USD,10139.4,0.0
2023-01-31,6400,Insurance Expense,USD,603.27,0.0
2023-01-31,6500,Office Supplies Expense,USD,642.96,0.0
2023-01-31,6600,Marketing Expense,USD,1151.47,0.0
2023-01-31,6800,Software Subscriptions Expense,USD,1093.87,0.0
2023-01-31,6900,Depreciation Expense,USD,1009.27,0.0
2023-01-31,7000,Interest Expense,USD,268.53,0.0
2023-02-28,1010,Cash,USD,1157.25,0.0
2023-02-28,1100,Accounts Receivable,USD,3462.1400000000003,0.0
2023-02-28,1200,Inventory,USD,0.0,10455.7
2023-02-28,1300,Prepaid Expenses,USD,0.0,589.42
2023-02-28,1510,Accumulated Depreciation,USD,0.0,966.09
2023-02-28,2000,Accounts Payable,USD,4071.31,0.0
2023-02-28,2100,Accrued Liabilities,USD,839.5699999999997,0.0
2023-02-28,2200,Sales Tax Payable,USD,375.62000000000035,0.0
2023-02-28,4001,Revenue,USD,0.0,22705.31
2023-02-28,4010,Service Revenue,USD,0.0,8191.68
2023-02-28,5000,Cost of Goods Sold,USD,13462.62,0.0
2023-02-28,6100,Rent Expense,USD,5121.55,0.0
2023-02-28,6200,Utilities Expense,USD,807.73,0.0
2023-02-28,6300,Payroll Expense,USD,9021.67,0.0
2023-02-28,6400,Insurance Expense,USD,589.42,0.0
2023-02-28,6500,Office Supplies Expense,USD,1014.37,0.0
2023-02-28,6600,Marketing Expense,USD,1751.38,0.0
2023-02-28,6900,Depreciation Expense,USD,966.09,0.0
2023-02-28,7000,Interest Expense,USD,267.48,0.0
2023-03-31,1010,Cash,USD,931.5499999999956,0.0
2023-03-31,1100,Accounts Receivable,USD,4961.74,0.0
2023-03-31,1200,Inventory,USD,0.0,13897.14
2023-03-31,1300,Prepaid Expenses,USD,0.0,577.08
2023-03-31,1500,"Property, Plant & Equipment",USD,14844.94,0.0
2023-03-31,1510,Accumulated Depreciation,USD,0.0,787.01
2023-03-31,2000,Accounts Payable,USD,0.0,1874.7699999999995
2023-03-31,2100,Accrued Liabilities,USD,0.0,152.5599999999995
2023-03-31,2200,Sales Tax Payable,USD,0.0,106.25
2023-03-31,2400,Income Tax Payable,USD,0.0,1164.68
2023-03-31,4001,Revenue,USD,0.0,35491.58
2023-03-31,4010,Service Revenue,USD,0.0,7926.41
2023-03-31,5000,Cost of Goods Sold,USD,20400.94,0.0
2023-03-31,6100,Rent Expense,USD,5187.63,0.0
2023-03-31,6200,Utilities Expense,USD,832.58,0.0
2023-03-31,6300,Payroll Expense,USD,8805.86,0.0
2023-03-31,6400,Insurance Expense,USD,577.08,0.0
2023-03-31,6500,Office Supplies Expense,USD,1246.54,0.0
2023-03-31,6600,Marketing Expense,USD,1499.08,0.0
2023-03-31,6800,Software Subscriptions Expense,USD,460.41,0.0
2023-03-31,6900,Depreciation Expense,USD,787.01,0.0
2023-03-31,7000,Interest Expense,USD,277.44,0.0
2023-03-31,7100,Income Tax Expense,USD,1164.68,0.0
2023-04-30,1010,Cash,USD,7151.1500000000015,0.0
2023-04-30,1100,Accounts Receivable,USD,0.0,4393.78
2023-04-30,1200,Inventory,USD,0.0,6439.42
2023-04-30,1300,Prepaid Expenses,USD,1122.08,0.0
2023-04-30,1510,Accumulated Depreciation,USD,0.0,1014.27
2023-04-30,2000,Accounts Payable,USD,0.0,3359.720000000001
2023-04-30,2100,Accrued Liabilities,USD,0.0,1738.4799999999977
2023-04-30,2200,Sales Tax Payable,USD,96.82000000000016,0.0
2023-04-30,2400,Income Tax Payable,USD,1197.2,0.0
2023-04-30,3200,Dividends,USD,3225.02,0.0
2023-04-30,4001,Revenue,USD,0.0,26348.62
2023-04-30,4010,Service Revenue,USD,0.0,6153.21
2023-04-30,5000,Cost of Goods Sold,USD,15089.380000000001,0.0
2023-04-30,6100,Rent Expense,USD,5060.08,0.0
2023-04-30,6200,Utilities Expense,USD,646.33,0.0
2023-04-30,6300,Payroll Expense,USD,11411.23,0.0
2023-04-30,6400,Insurance Expense,USD,629.77,0.0
2023-04-30,6500,Office Supplies Expense,USD,576.54,0.0
2023-04-30,6600,Marketing Expense,USD,1098.2,0.0
2023-04-30,6800,Software Subscriptions Expense,USD,871.11,0.0
2023-04-30,6900,Depreciation Expense,USD,1014.27,0.0
2023-04-30,7000,Interest Expense,USD,258.32,0.0
2023-05-31,1010,Cash,USD,24927.760000000002,0.0
2023-05-31,1100,Accounts Receivable,USD,11535.1,0.0
2023-05-31,1200,Inventory,USD,0.0,25710.1
2023-05-31,1300,Prepaid Expenses,USD,0.0,582.4
2023-05-31,1510,Accumulated Depreciation,USD,0.0,838.95
2023-05-31,2000,Accounts Payable,USD,0.0,1784.41
2023-05-31,2100,Accrued Liabilities,USD,1621.300000000001,0.0
2023-05-31,2200,Sales Tax Payable,USD,0.0,678.3200000000002
2023-05-31,4001,Revenue,USD,0.0,50987.979999999996
2023-05-31,4010,Service Revenue,USD,0.0,5104.4
2023-05-31,5000,Cost of Goods Sold,USD,30080.07,0.0
2023-05-31,6100,Rent Expense,USD,5232.65,0.0
2023-05-31,6200,Utilities Expense,USD,813.2,0.0
2023-05-31,6300,Payroll Expense,USD,9173.82,0.0
2023-05-31,6400,Insurance Expense,USD,582.4,0.0
2023-05-31,6500,Office Supplies Expense,USD,181.55,0.0
2023-05-31,6800,Software Subscriptions Expense,USD,423.09,0.0
2023-05-31,6900,Depreciation Expense,USD,838.95,0.0
2023-05-31,7000,Interest Expense,USD,276.67,0.0
2023-06-30,1010,Cash,USD,304.74000000000524,0.0
2023-06-30,1100,Accounts Receivable,USD,0.0,2002.130000000001
2023-06-30,1200,Inventory,USD,0.0,5041.460000000001
2023-06-30,1300,Prepaid Expenses,USD,0.0,580.4
2023-06-30,1510,Accumulated Depreciation,USD,0.0,807.46
2023-06-30,2000,Accounts Payable,USD,1590.0999999999995,0.0
2023-06-30,2100,Accrued Liabilities,USD,273.6200000000008,0.0
2023-06-30,2200,Sales Tax Payable,USD,702.0699999999999,0.0
2023-06-30,4001,Revenue,USD,0.0,23216.35
2023-06-30,4010,Service Revenue,USD,0.0,2867.46
2023-06-30,5000,Cost of Goods Sold,USD,13568.6,0.0
2023-06-30,6100,Rent Expense,USD,5078.0,0.0
2023-06-30,6200,Utilities Expense,USD,597.73,0.0
2023-06-30,6300,Payroll Expense,USD,9009.26,0.0
2023-06-30,6400,Insurance Expense,USD,580.4,0.0
2023-06-30,6500,Office Supplies Expense,USD,300.1,0.0
2023-06-30,6600,Marketing Expense,USD,1142.91,0.0
2023-06-30,6800,Software Subscriptions Expense,USD,299.21,0.0
2023-06-30,6900,Depreciation Expense,USD,807.46,0.0
2023-06-30,7000,Interest Expense,USD,261.06,0.0
2023-07-31,1010,Cash,USD,3917.980000000003,0.0
2023-07-31,1100,Accounts Receivable,USD,6196.62,0.0
2023-07-31,1200,Inventory,USD,0.0,21358.81
2023-07-31,1300,Prepaid Expenses,USD,1257.71,0.0
2023-07-31,1510,Accumulated Depreciation,USD,0.0,783.02
2023-07-31,2000,Accounts Payable,USD,11577.41,0.0
2023-07-31,2100,Accrued Liabilities,USD,0.0,723.9300000000003
2023-07-31,2200,Sales Tax Payable,USD,83.34000000000015,0.0
2023-07-31,3200,Dividends,USD,3093.73,0.0
2023-07-31,4001,Revenue,USD,0.0,39807.54
2023-07-31,4010,Service Revenue,USD,0.0,6165.969999999999
2023-07-31,5000,Cost of Goods Sold,USD,23293.27,0.0
2023-07-31,6100,Rent Expense,USD,5216.98,0.0
2023-07-31,6200,Utilities Expense,USD,740.19,0.0
2023-07-31,6300,Payroll Expense,USD,9984.87,0.0
2023-07-31,6400,Insurance Expense,USD,580.61,0.0
2023-07-31,6500,Office Supplies Expense,USD,901.8299999999999,0.0
2023-07-31,6600,Marketing Expense,USD,942.63,0.0
2023-07-31,6900,Depreciation Expense,USD,783.02,0.0
2023-07-31,7000,Interest Expense,USD,269.08,0.0
2023-08-31,1010,Cash,USD,10242.489999999998,0.0
2023-08-31,1100,Accounts Receivable,USD,11735.58,0.0
2023-08-31,1200,Inventory,USD,0.0,16703.58
2023-08-31,1300,Prepaid Expenses,USD,0.0,579.62
2023-08-31,1510,Accumulated Depreciation,USD,0.0,881.25
2023-08-31,2000,Accounts Payable,USD,764.9000000000001,0.0
2023-08-31,2100,Accrued Liabilities,USD,0.0,2037.1899999999987
2023-08-31,2200,Sales Tax Payable,USD,0.0,172.95000000000027
2023-08-31,4001,Revenue,USD,0.0,42102.21
2023-08-31,4010,Service Revenue,USD,0.0,5814.01
2023-08-31,5000,Cost of Goods Sold,USD,24671.0,0.0
2023-08-31,6100,Rent Expense,USD,5191.91,0.0
2023-08-31,6200,Utilities Expense,USD,860.83,0.0
2023-08-31,6300,Payroll Expense,USD,11666.25,0.0
2023-08-31,6400,Insurance Expense,USD,579.62,0.0
2023-08-31,6500,Office Supplies Expense,USD,366.47,0.0
2023-08-31,6800,Software Subscriptions Expense,USD,1070.27,0.0
2023-08-31,6900,Depreciation Expense,USD,881.25,0.0
2023-08-31,7000,Interest Expense,USD,260.24,0.0
2023-09-30,1010,Cash,USD,7419.129999999997,0.0
2023-09-30,1100,Accounts Receivable,USD,5805.33,0.0
2023-09-30,1200,Inventory,USD,0.0,11313.24
2023-09-30,1300,Prepaid Expenses,USD,0.0,597.26
2023-09-30,1500,"Property, Plant & Equipment",USD,10321.06,0.0
2023-09-30,1510,Accumulated Depreciation,USD,0.0,892.12
2023-09-30,2000,Accounts Payable,USD,0.0,7708.360000000001
2023-09-30,2100,Accrued Liabilities,USD,2120.880000000001,0.0
2023-09-30,2200,Sales Tax Payable,USD,0.0,361.27
2023-09-30,2400,Income Tax Payable,USD,0.0,2335.06
2023-09-30,4001,Revenue,USD,0.0,39578.35
2023-09-30,4010,Service Revenue,USD,0.0,7728.91
2023-09-30,5000,Cost of Goods Sold,USD,22383.93,0.0
2023-09-30,6100,Rent Expense,USD,4963.83,0.0
2023-09-30,6200,Utilities Expense,USD,539.18,0.0
2023-09-30,6300,Payroll Expense,USD,9837.16,0.0
2023-09-30,6400,Insurance Expense,USD,597.26,0.0
2023-09-30,6500,Office Supplies Expense,USD,1140.06,0.0
2023-09-30,6600,Marketing Expense,USD,1254.76,0.0
2023-09-30,6800,Software Subscriptions Expense,USD,646.87,0.0
2023-09-30,6900,Depreciation Expense,USD,892.12,0.0
2023-09-30,7000,Interest Expense,USD,257.94,0.0
2023-09-30,7100,Income Tax Expense,USD,2335.06,0.0
2023-10-31,1010,Cash,USD,0.0,4337.980000000003
2023-10-31,1100,Accounts Receivable,USD,13572.010000000002,0.0
2023-10-31,1200,Inventory,USD,0.0,13894.829999999998
2023-10-31,1300,Prepaid Expenses,USD,1255.97,0.0
2023-10-31,1510,Accumulated Depreciation,USD,0.0,1009.11
2023-10-31,2000,Accounts Payable,USD,4940.0,0.0
2023-10-31,2100,Accrued Liabilities,USD,0.0,2264.51
2023-10-31,2200,Sales Tax Payable,USD,460.6699999999996,0.0
2023-10-31,2400,Income Tax Payable,USD,2264.55,0.0
2023-10-31,3200,Dividends,USD,2658.73,0.0
2023-10-31,4001,Revenue,USD,0.0,33876.19
2023-10-31,4010,Service Revenue,USD,0.0,9805.96
2023-10-31,5000,Cost of Goods Sold,USD,19126.85,0.0
2023-10-31,6100,Rent Expense,USD,5169.36,0.0
2023-10-31,6200,Utilities Expense,USD,790.39,0.0
2023-10-31,6300,Payroll Expense,USD,12175.04,0.0
2023-10-31,6400,Insurance Expense,USD,607.21,0.0
2023-10-31,6500,Office Supplies Expense,USD,424.16,0.0
2023-10-31,6600,Marketing Expense,USD,274.24,0.0
2023-10-31,6800,Software Subscriptions Expense,USD,193.97,0.0
2023-10-31,6900,Depreciation Expense,USD,1009.11,0.0
2023-10-31,7000,Interest Expense,USD,266.32,0.0
2023-11-30,1010,Cash,USD,18588.849999999995,0.0
2023-11-30,1100,Accounts Receivable,USD,0.0,3067.5300000000007
2023-11-30,1200,Inventory,USD,0.0,8476.230000000001
2023-11-30,1300,Prepaid Expenses,USD,0.0,599.04
2023-11-30,1510,Accumulated Depreciation,USD,0.0,938.82
2023-11-30,2000,Accounts Payable,USD,0.0,11969.44
2023-11-30,2100,Accrued Liabilities,USD,1935.0800000000017,0.0
2023-11-30,2200,Sales Tax Payable,USD,81.41000000000031,0.0
2023-11-30,4001,Revenue,USD,0.0,35074.99
2023-11-30,4010,Service Revenue,USD,0.0,1936.6599999999999
2023-11-30,5000,Cost of Goods Sold,USD,20445.670000000002,0.0
2023-11-30,6100,Rent Expense,USD,4992.89,0.0
2023-11-30,6200,Utilities Expense,USD,468.63,0.0
2023-11-30,6300,Payroll Expense,USD,10467.48,0.0
2023-11-30,6400,Insurance Expense,USD,599.04,0.0
2023-11-30,6600,Marketing Expense,USD,1650.77,0.0
2023-11-30,6800,Software Subscriptions Expense,USD,1623.3600000000001,0.0
2023-11-30,6900,Depreciation Expense,USD,938.82,0.0
2023-11-30,7000,Interest Expense,USD,270.71,0.0
2023-12-31,1010,Cash,USD,20156.120000000003,0.0
2023-12-31,1100,Accounts Receivable,USD,5212.669999999998,0.0
2023-12-31,1200,Inventory,USD,151937.69,0.0
2023-12-31,1300,Prepaid Expenses,USD,0.0,589.87
2023-12-31,1510,Accumulated Depreciation,USD,0.0,801.71
2023-12-31,2000,Accounts Payable,USD,0.0,174899.38
2023-12-31,2100,Accrued Liabilities,USD,0.0,1310.7000000000007
2023-12-31,2200,Sales Tax Payable,USD,0.0,367.98
2023-12-31,2400,Income Tax Payable,USD,0.0,306.11
2023-12-31,3200,Dividends,USD,2829.14,0.0
2023-12-31,4001,Revenue,USD,0.0,40949.35
2023-12-31,4010,Service Revenue,USD,0.0,4693.04
2023-12-31,5000,Cost of Goods Sold,USD,23935.86,0.0
2023-12-31,6100,Rent Expense,USD,5248.19,0.0
2023-12-31,6200,Utilities Expense,USD,726.44,0.0
2023-12-31,6300,Payroll Expense,USD,10999.04,0.0
2023-12-31,6400,Insurance Expense,USD,589.87,0.0
2023-12-31,6500,Office Supplies Expense,USD,175.1,0.0
2023-12-31,6800,Software Subscriptions Expense,USD,734.1700000000001,0.0
2023-12-31,6900,Depreciation Expense,USD,801.71,0.0
2023-12-31,7000,Interest Expense,USD,266.03,0.0
2023-12-31,7100,Income Tax Expense,USD,306.11,0.0
